name,abbreviation,country_id
"Alabama","AL","1228"
"Alaska","AK","1228"
"Arizona","AZ","1228"
"Arkansas","AR","1228"
"California","CA","1228"
"Colorado","CO","1228"
"Connecticut","CT","1228"
"Delaware","DE","1228"
"Florida","FL","1228"
"Georgia","GA","1228"
"Hawaii","HI","1228"
"Idaho","ID","1228"
"Illinois","IL","1228"
"Indiana","IN","1228"
"Iowa","IA","1228"
"Kansas","KS","1228"
"Kentucky","KY","1228"
"Louisiana","LA","1228"
"Maine","ME","1228"
"Maryland","MD","1228"
"Massachusetts","MA","1228"
"Michigan","MI","1228"
"Minnesota","MN","1228"
"Mississippi","MS","1228"
"Missouri","MO","1228"
"Montana","MT","1228"
"Nebraska","NE","1228"
"Nevada","NV","1228"
"New Hampshire","NH","1228"
"New Jersey","NJ","1228"
"New Mexico","NM","1228"
"New York","NY","1228"
"North Carolina","NC","1228"
"North Dakota","ND","1228"
"Ohio","OH","1228"
"Oklahoma","OK","1228"
"Oregon","OR","1228"
"Pennsylvania","PA","1228"
"Rhode Island","RI","1228"
"South Carolina","SC","1228"
"South Dakota","SD","1228"
"Tennessee","TN","1228"
"Texas","TX","1228"
"Utah","UT","1228"
"Vermont","VT","1228"
"Virginia","VA","1228"
"Washington","WA","1228"
"West Virginia","WV","1228"
"Wisconsin","WI","1228"
"Wyoming","WY","1228"
"District of Columbia","DC","1228"
"American Samoa","AS","1228"
"Guam","GU","1228"
"Northern Mariana Islands","MP","1228"
"Puerto Rico","PR","1228"
"Virgin Islands","VI","1228"
"United States Minor Outlying Islands","UM","1228"
"Armed Forces Europe","AE","1228"
"Armed Forces Americas","AA","1228"
"Armed Forces Pacific","AP","1228"
"Alberta","AB","1039"
"British Columbia","BC","1039"
"Manitoba","MB","1039"
"New Brunswick","NB","1039"
"Newfoundland and Labrador","NL","1039"
"Northwest Territories","NT","1039"
"Nova Scotia","NS","1039"
"Nunavut","NU","1039"
"Ontario","ON","1039"
"Prince Edward Island","PE","1039"
"Quebec","QC","1039"
"Saskatchewan","SK","1039"
"Yukon Territory","YT","1039"
"Maharashtra","MM","1101"
"Karnataka","KA","1101"
"Andhra Pradesh","AP","1101"
"Arunachal Pradesh","AR","1101"
"Assam","AS","1101"
"Bihar","BR","1101"
"Chhattisgarh","CH","1101"
"Goa","GA","1101"
"Gujarat","GJ","1101"
"Haryana","HR","1101"
"Himachal Pradesh","HP","1101"
"Jammu and Kashmir","JK","1101"
"Jharkhand","JH","1101"
"Kerala","KL","1101"
"Madhya Pradesh","MP","1101"
"Manipur","MN","1101"
"Meghalaya","ML","1101"
"Mizoram","MZ","1101"
"Nagaland","NL","1101"
"Orissa","OR","1101"
"Punjab","PB","1101"
"Rajasthan","RJ","1101"
"Sikkim","SK","1101"
"Tamil Nadu","TN","1101"
"Tripura","TR","1101"
"Uttaranchal","UL","1101"
"Uttar Pradesh","UP","1101"
"West Bengal","WB","1101"
"Andaman and Nicobar Islands","AN","1101"
"Dadra and Nagar Haveli","DN","1101"
"Daman and Diu","DD","1101"
"Delhi","DL","1101"
"Lakshadweep","LD","1101"
"Pondicherry","PY","1101"
"Dac Lac","33","1233"
"Badakhshan","BDS","1001"
"Badghis","BDG","1001"
"Baghlan","BGL","1001"
"Balkh","BAL","1001"
"Bamian","BAM","1001"
"Farah","FRA","1001"
"Faryab","FYB","1001"
"Ghazni","GHA","1001"
"Ghowr","GHO","1001"
"Helmand","HEL","1001"
"Herat","HER","1001"
"Jowzjan","JOW","1001"
"Kabul","KAB","1001"
"Kandahar","KAN","1001"
"Kapisa","KAP","1001"
"Khowst","KHO","1001"
"Konar","KNR","1001"
"Kondoz","KDZ","1001"
"Laghman","LAG","1001"
"Lowgar","LOW","1001"
"Nangrahar","NAN","1001"
"Nimruz","NIM","1001"
"Nurestan","NUR","1001"
"Oruzgan","ORU","1001"
"Paktia","PIA","1001"
"Paktika","PKA","1001"
"Parwan","PAR","1001"
"Samangan","SAM","1001"
"Sar-e Pol","SAR","1001"
"Takhar","TAK","1001"
"Wardak","WAR","1001"
"Zabol","ZAB","1001"
"Capital federal","C","1010"
"Buenos Aires","B","1010"
"Catamarca","K","1010"
"Cordoba","X","1010"
"Corrientes","W","1010"
"Chaco","H","1010"
"Chubut","U","1010"
"Entre Rios","E","1010"
"Formosa","P","1010"
"Jujuy","Y","1010"
"La Pampa","L","1010"
"Mendoza","M","1010"
"Misiones","N","1010"
"Neuquen","Q","1010"
"Rio Negro","R","1010"
"Salta","A","1010"
"San Juan","J","1010"
"San Luis","D","1010"
"Santa Cruz","Z","1010"
"Santa Fe","S","1010"
"Santiago del Estero","G","1010"
"Tierra del Fuego","V","1010"
"Tucuman","T","1010"
"Burgenland","1","1014"
"Kärnten","2","1014"
"Niederosterreich","3","1014"
"Oberosterreich","4","1014"
"Salzburg","5","1014"
"Steiermark","6","1014"
"Tirol","7","1014"
"Vorarlberg","8","1014"
"Wien","9","1014"
"Australian Capital Territory","ACT","1013"
"Northern Territory","NT","1013"
"New South Wales","NSW","1013"
"Queensland","QLD","1013"
"South Australia","SA","1013"
"Tasmania","TAS","1013"
"Victoria","VIC","1013"
"Western Australia","WA","1013"
"Antwerpen","VAN","1020"
"Brabant Wallon","WBR","1020"
"Hainaut","WHT","1020"
"Liege","WLG","1020"
"Limburg","VLI","1020"
"Luxembourg","WLX","1020"
"Namur","WNA","1020"
"Oost-Vlaanderen","VOV","1020"
"Vlaams-Brabant","VBR","1020"
"West-Vlaanderen","VWV","1020"
"Cochabamba","C","1025"
"Chuquisaca","H","1025"
"El Beni","B","1025"
"La Paz","L","1025"
"Oruro","O","1025"
"Pando","N","1025"
"Potosi","P","1025"
"Tarija","T","1025"
"Acre","AC","1029"
"Alagoas","AL","1029"
"Amazonas","AM","1029"
"Amapa","AP","1029"
"Baia","BA","1029"
"Ceara","CE","1029"
"Distrito Federal","DF","1029"
"Espirito Santo","ES","1029"
"Fernando de Noronha","FN","1029"
"Goias","GO","1029"
"Maranhao","MA","1029"
"Minas Gerais","MG","1029"
"Mato Grosso do Sul","MS","1029"
"Mato Grosso","MT","1029"
"Para","PA","1029"
"Paraiba","PB","1029"
"Pernambuco","PE","1029"
"Piaui","PI","1029"
"Parana","PR","1029"
"Rio de Janeiro","RJ","1029"
"Rio Grande do Norte","RN","1029"
"Rondonia","RO","1029"
"Roraima","RR","1029"
"Rio Grande do Sul","RS","1029"
"Santa Catarina","SC","1029"
"Sergipe","SE","1029"
"Sao Paulo","SP","1029"
"Tocatins","TO","1029"
"Acklins and Crooked Islands","AC","1212"
"Bimini","BI","1212"
"Cat Island","CI","1212"
"Exuma","EX","1212"
"Freeport","FP","1212"
"Fresh Creek","FC","1212"
"Governor's Harbour","GH","1212"
"Green Turtle Cay","GT","1212"
"Harbour Island","HI","1212"
"High Rock","HR","1212"
"Inagua","IN","1212"
"Kemps Bay","KB","1212"
"Long Island","LI","1212"
"Marsh Harbour","MH","1212"
"Mayaguana","MG","1212"
"New Providence","NP","1212"
"Nicholls Town and Berry Islands","NB","1212"
"Ragged Island","RI","1212"
"Rock Sound","RS","1212"
"Sandy Point","SP","1212"
"San Salvador and Rum Cay","SR","1212"
"Aargau","AG","1205"
"Appenzell Innerrhoden","AI","1205"
"Appenzell Ausserrhoden","AR","1205"
"Bern","BE","1205"
"Basel-Landschaft","BL","1205"
"Basel-Stadt","BS","1205"
"Fribourg","FR","1205"
"Geneva","GE","1205"
"Glarus","GL","1205"
"Graubunden","GR","1205"
"Jura","JU","1205"
"Luzern","LU","1205"
"Neuchatel","NE","1205"
"Nidwalden","NW","1205"
"Obwalden","OW","1205"
"Sankt Gallen","SG","1205"
"Schaffhausen","SH","1205"
"Solothurn","SO","1205"
"Schwyz","SZ","1205"
"Thurgau","TG","1205"
"Ticino","TI","1205"
"Uri","UR","1205"
"Vaud","VD","1205"
"Valais","VS","1205"
"Zug","ZG","1205"
"Zurich","ZH","1205"
"Aisen del General Carlos Ibanez del Campo","AI","1044"
"Antofagasta","AN","1044"
"Araucania","AR","1044"
"Atacama","AT","1044"
"Bio-Bio","BI","1044"
"Coquimbo","CO","1044"
"Libertador General Bernardo O'Higgins","LI","1044"
"Los Lagos","LL","1044"
"Magallanes","MA","1044"
"Maule","ML","1044"
"Region Metropolitana de Santiago","RM","1044"
"Tarapaca","TA","1044"
"Valparaiso","VS","1044"
"Beijing","11","1045"
"Chongqing","50","1045"
"Shanghai","31","1045"
"Tianjin","12","1045"
"Anhui","34","1045"
"Fujian","35","1045"
"Gansu","62","1045"
"Guangdong","44","1045"
"Guizhou","52","1045"
"Hainan","46","1045"
"Hebei","13","1045"
"Heilongjiang","23","1045"
"Henan","41","1045"
"Hubei","42","1045"
"Hunan","43","1045"
"Jiangsu","32","1045"
"Jiangxi","36","1045"
"Jilin","22","1045"
"Liaoning","21","1045"
"Qinghai","63","1045"
"Shaanxi","61","1045"
"Shandong","37","1045"
"Shanxi","14","1045"
"Sichuan","51","1045"
"Taiwan","71","1045"
"Yunnan","53","1045"
"Zhejiang","33","1045"
"Guangxi","45","1045"
"Neia Mongol (mn)","15","1045"
"Xinjiang","65","1045"
"Xizang","54","1045"
"Hong Kong","91","1045"
"Macau","92","1045"
"Distrito Capital de Bogotá","DC","1048"
"Amazonea","AMA","1048"
"Antioquia","ANT","1048"
"Arauca","ARA","1048"
"Atlántico","ATL","1048"
"Bolívar","BOL","1048"
"Boyacá","BOY","1048"
"Caldea","CAL","1048"
"Caquetá","CAQ","1048"
"Casanare","CAS","1048"
"Cauca","CAU","1048"
"Cesar","CES","1048"
"Córdoba","COR","1048"
"Cundinamarca","CUN","1048"
"Chocó","CHO","1048"
"Guainía","GUA","1048"
"Guaviare","GUV","1048"
"La Guajira","LAG","1048"
"Magdalena","MAG","1048"
"Meta","MET","1048"
"Nariño","NAR","1048"
"Norte de Santander","NSA","1048"
"Putumayo","PUT","1048"
"Quindio","QUI","1048"
"Risaralda","RIS","1048"
"San Andrés, Providencia y Santa Catalina","SAP","1048"
"Santander","SAN","1048"
"Sucre","SUC","1048"
"Tolima","TOL","1048"
"Valle del Cauca","VAC","1048"
"Vaupés","VAU","1048"
"Vichada","VID","1048"
"Alajuela","A","1053"
"Cartago","C","1053"
"Guanacaste","G","1053"
"Heredia","H","1053"
"Limon","L","1053"
"Puntarenas","P","1053"
"San Jose","SJ","1053"
"Baden-Wuerttemberg","BW","1082"
"Bayern","BY","1082"
"Bremen","HB","1082"
"Hamburg","HH","1082"
"Hessen","HE","1082"
"Niedersachsen","NI","1082"
"Nordrhein-Westfalen","NW","1082"
"Rheinland-Pfalz","RP","1082"
"Saarland","SL","1082"
"Schleswig-Holstein","SH","1082"
"Berlin","BR","1082"
"Brandenburg","BB","1082"
"Mecklenburg-Vorpommern","MV","1082"
"Sachsen","SN","1082"
"Sachsen-Anhalt","ST","1082"
"Thueringen","TH","1082"
"Distrito Nacional (Santo Domingo)","01","1062"
"Azua","02","1062"
"Bahoruco","03","1062"
"Barahona","04","1062"
"Dajabón","05","1062"
"Duarte","06","1062"
"El Seybo [El Seibo]","08","1062"
"Espaillat","09","1062"
"Hato Mayor","30","1062"
"Independencia","10","1062"
"La Altagracia","11","1062"
"La Estrelleta [Elias Pina]","07","1062"
"La Romana","12","1062"
"La Vega","13","1062"
"Maroia Trinidad Sánchez","14","1062"
"Monseñor Nouel","28","1062"
"Monte Cristi","15","1062"
"Monte Plata","29","1062"
"Pedernales","16","1062"
"Peravia","17","1062"
"Puerto Plata","18","1062"
"Salcedo","19","1062"
"Samaná","20","1062"
"San Cristóbal","21","1062"
"San Pedro de Macorís","23","1062"
"Sánchez Ramírez","24","1062"
"Santiago","25","1062"
"Santiago Rodríguez","26","1062"
"Valverde","27","1062"
"Ad Daqahllyah","DK","1065"
"Al Bahr al Ahmar","BA","1065"
"Al Buhayrah","BH","1065"
"Al Fayym","FYM","1065"
"Al Gharbiyah","GH","1065"
"Al Iskandarlyah","ALX","1065"
"Al Isma illyah","IS","1065"
"Al Jizah","GZ","1065"
"Al Minuflyah","MNF","1065"
"Al Minya","MN","1065"
"Al Qahirah","C","1065"
"Al Qalyublyah","KB","1065"
"Al Wadi al Jadid","WAD","1065"
"Ash Sharqiyah","SHR","1065"
"As Suways","SUZ","1065"
"Aswan","ASN","1065"
"Asyut","AST","1065"
"Bani Suwayf","BNS","1065"
"Bur Sa'id","PTS","1065"
"Dumyat","DT","1065"
"Janub Sina'","JS","1065"
"Kafr ash Shaykh","KFS","1065"
"Matruh","MT","1065"
"Qina","KN","1065"
"Shamal Sina'","SIN","1065"
"Suhaj","SHG","1065"
"Álava","VI","1198"
"Albacete","AB","1198"
"Alicante","A","1198"
"Almería","AL","1198"
"Asturias","O","1198"
"Ávila","AV","1198"
"Badajoz","BA","1198"
"Baleares","PM","1198"
"Barcelona","B","1198"
"Burgos","BU","1198"
"Cáceres","CC","1198"
"Cádiz","CA","1198"
"Cantabria","S","1198"
"Castellón","CS","1198"
"Ciudad Real","CR","1198"
"Cuenca","CU","1198"
"Girona [Gerona]","GE","1198"
"Granada","GR","1198"
"Guadalajara","GU","1198"
"Guipúzcoa","SS","1198"
"Huelva","H","1198"
"Huesca","HU","1198"
"Jaén","J","1198"
"La Coruña","C","1198"
"La Rioja","LO","1198"
"Las Palmas","GC","1198"
"León","LE","1198"
"Lleida [Lérida]","L","1198"
"Lugo","LU","1198"
"Madrid","M","1198"
"Málaga","MA","1198"
"Murcia","MU","1198"
"Navarra","NA","1198"
"Ourense","OR","1198"
"Palencia","P","1198"
"Pontevedra","PO","1198"
"Salamanca","SA","1198"
"Santa Cruz de Tenerife","TF","1198"
"Segovia","SG","1198"
"Sevilla","SE","1198"
"Soria","SO","1198"
"Tarragona","T","1198"
"Teruel","TE","1198"
"Valencia","V","1198"
"Valladolid","VA","1198"
"Vizcaya","BI","1198"
"Zamora","ZA","1198"
"Zaragoza","Z","1198"
"Ceuta","CE","1198"
"Melilla","ML","1198"
"Eastern","E","1074"
"Northern","N","1074"
"Western","W","1074"
"Rotuma","R","1074"
"Ain","01","1076"
"Aisne","02","1076"
"Allier","03","1076"
"Alpes-de-Haute-Provence","04","1076"
"Alpes-Maritimes","06","1076"
"Ardèche","07","1076"
"Ardennes","08","1076"
"Ariège","09","1076"
"Aube","10","1076"
"Aude","11","1076"
"Aveyron","12","1076"
"Bas-Rhin","67","1076"
"Bouches-du-Rhône","13","1076"
"Calvados","14","1076"
"Cantal","15","1076"
"Charente","16","1076"
"Charente-Maritime","17","1076"
"Cher","18","1076"
"Corrèze","19","1076"
"Corse-du-Sud","20A","1076"
"Côte-d'Or","21","1076"
"Côtes-d'Armor","22","1076"
"Creuse","23","1076"
"Deux-Sèvres","79","1076"
"Dordogne","24","1076"
"Doubs","25","1076"
"Drôme","26","1076"
"Essonne","91","1076"
"Eure","27","1076"
"Eure-et-Loir","28","1076"
"Finistère","29","1076"
"Gard","30","1076"
"Gers","32","1076"
"Gironde","33","1076"
"Haut-Rhin","68","1076"
"Haute-Corse","20B","1076"
"Haute-Garonne","31","1076"
"Haute-Loire","43","1076"
"Haute-Saône","70","1076"
"Haute-Savoie","74","1076"
"Haute-Vienne","87","1076"
"Hautes-Alpes","05","1076"
"Hautes-Pyrénées","65","1076"
"Hauts-de-Seine","92","1076"
"Hérault","34","1076"
"Indre","36","1076"
"Ille-et-Vilaine","35","1076"
"Indre-et-Loire","37","1076"
"Isère","38","1076"
"Landes","40","1076"
"Loir-et-Cher","41","1076"
"Loire","42","1076"
"Loire-Atlantique","44","1076"
"Loiret","45","1076"
"Lot","46","1076"
"Lot-et-Garonne","47","1076"
"Lozère","48","1076"
"Maine-et-Loire","49","1076"
"Manche","50","1076"
"Marne","51","1076"
"Mayenne","53","1076"
"Meurthe-et-Moselle","54","1076"
"Meuse","55","1076"
"Morbihan","56","1076"
"Moselle","57","1076"
"Nièvre","58","1076"
"Nord","59","1076"
"Oise","60","1076"
"Orne","61","1076"
"Paris","75","1076"
"Pas-de-Calais","62","1076"
"Puy-de-Dôme","63","1076"
"Pyrénées-Atlantiques","64","1076"
"Pyrénées-Orientales","66","1076"
"Rhône","69","1076"
"Saône-et-Loire","71","1076"
"Sarthe","72","1076"
"Savoie","73","1076"
"Seine-et-Marne","77","1076"
"Seine-Maritime","76","1076"
"Seine-Saint-Denis","93","1076"
"Somme","80","1076"
"Tarn","81","1076"
"Tarn-et-Garonne","82","1076"
"Val d'Oise","95","1076"
"Territoire de Belfort","90","1076"
"Val-de-Marne","94","1076"
"Var","83","1076"
"Vaucluse","84","1076"
"Vendée","85","1076"
"Vienne","86","1076"
"Vosges","88","1076"
"Yonne","89","1076"
"Yvelines","78","1076"
"Aberdeen City","ABE","1226"
"Aberdeenshire","ABD","1226"
"Angus","ANS","1226"
"Co Antrim","ANT","1226"
"Argyll and Bute","AGB","1226"
"Co Armagh","ARM","1226"
"Bedfordshire","BDF","1226"
"Gwent","BGW","1226"
"Bristol, City of","BST","1226"
"Buckinghamshire","BKM","1226"
"Cambridgeshire","CAM","1226"
"Cheshire","CHS","1226"
"Clackmannanshire","CLK","1226"
"Cornwall","CON","1226"
"Cumbria","CMA","1226"
"Derbyshire","DBY","1226"
"Co Londonderry","DRY","1226"
"Devon","DEV","1226"
"Dorset","DOR","1226"
"Co Down","DOW","1226"
"Dumfries and Galloway","DGY","1226"
"Dundee City","DND","1226"
"County Durham","DUR","1226"
"East Ayrshire","EAY","1226"
"East Dunbartonshire","EDU","1226"
"East Lothian","ELN","1226"
"East Renfrewshire","ERW","1226"
"East Riding of Yorkshire","ERY","1226"
"East Sussex","ESX","1226"
"Edinburgh, City of","EDH","1226"
"Na h-Eileanan Siar","ELS","1226"
"Essex","ESS","1226"
"Falkirk","FAL","1226"
"Co Fermanagh","FER","1226"
"Fife","FIF","1226"
"Glasgow City","GLG","1226"
"Gloucestershire","GLS","1226"
"Gwynedd","GWN","1226"
"Hampshire","HAM","1226"
"Herefordshire","HEF","1226"
"Hertfordshire","HRT","1226"
"Highland","HED","1226"
"Inverclyde","IVC","1226"
"Isle of Wight","IOW","1226"
"Kent","KEN","1226"
"Lancashire","LAN","1226"
"Leicestershire","LEC","1226"
"Midlothian","MLN","1226"
"Moray","MRY","1226"
"Norfolk","NFK","1226"
"North Ayrshire","NAY","1226"
"North Lanarkshire","NLK","1226"
"North Yorkshire","NYK","1226"
"Northamptonshire","NTH","1226"
"Northumberland","NBL","1226"
"Nottinghamshire","NTT","1226"
"Oldham","OLD","1226"
"Omagh","OMH","1226"
"Orkney Islands","ORR","1226"
"Oxfordshire","OXF","1226"
"Perth and Kinross","PKN","1226"
"Powys","POW","1226"
"Renfrewshire","RFW","1226"
"Rutland","RUT","1226"
"Scottish Borders","SCB","1226"
"Shetland Islands","ZET","1226"
"Shropshire","SHR","1226"
"Somerset","SOM","1226"
"South Ayrshire","SAY","1226"
"South Gloucestershire","SGC","1226"
"South Lanarkshire","SLK","1226"
"Staffordshire","STS","1226"
"Stirling","STG","1226"
"Suffolk","SFK","1226"
"Surrey","SRY","1226"
"Mid Glamorgan","VGL","1226"
"Warwickshire","WAR","1226"
"West Dunbartonshire","WDU","1226"
"West Lothian","WLN","1226"
"West Sussex","WSX","1226"
"Wiltshire","WIL","1226"
"Worcestershire","WOR","1226"
"Achaïa","13","1085"
"Aitolia-Akarnania","01","1085"
"Argolis","11","1085"
"Arkadia","12","1085"
"Arta","31","1085"
"Attiki","A1","1085"
"Chalkidiki","64","1085"
"Chania","94","1085"
"Chios","85","1085"
"Dodekanisos","81","1085"
"Drama","52","1085"
"Evros","71","1085"
"Evrytania","05","1085"
"Evvoia","04","1085"
"Florina","63","1085"
"Fokis","07","1085"
"Fthiotis","06","1085"
"Grevena","51","1085"
"Ileia","14","1085"
"Imathia","53","1085"
"Ioannina","33","1085"
"Irakleion","91","1085"
"Karditsa","41","1085"
"Kastoria","56","1085"
"Kavalla","55","1085"
"Kefallinia","23","1085"
"Kerkyra","22","1085"
"Kilkis","57","1085"
"Korinthia","15","1085"
"Kozani","58","1085"
"Kyklades","82","1085"
"Lakonia","16","1085"
"Larisa","42","1085"
"Lasithion","92","1085"
"Lefkas","24","1085"
"Lesvos","83","1085"
"Magnisia","43","1085"
"Messinia","17","1085"
"Pella","59","1085"
"Preveza","34","1085"
"Rethymnon","93","1085"
"Rodopi","73","1085"
"Samos","84","1085"
"Serrai","62","1085"
"Thesprotia","32","1085"
"Thessaloniki","54","1085"
"Trikala","44","1085"
"Voiotia","03","1085"
"Xanthi","72","1085"
"Zakynthos","21","1085"
"Agio Oros","69","1085"
"Alta Verapez","AV","1090"
"Baja Verapez","BV","1090"
"Chimaltenango","CM","1090"
"Chiquimula","CQ","1090"
"El Progreso","PR","1090"
"Escuintla","ES","1090"
"Guatemala","GU","1090"
"Huehuetenango","HU","1090"
"Izabal","IZ","1090"
"Jalapa","JA","1090"
"Jutiapa","JU","1090"
"Peten","PE","1090"
"Quetzaltenango","QZ","1090"
"Quiche","QC","1090"
"Reta.thuleu","RE","1090"
"Sacatepequez","SA","1090"
"San Marcos","SM","1090"
"Santa Rosa","SR","1090"
"Solol6","SO","1090"
"Suchitepequez","SU","1090"
"Totonicapan","TO","1090"
"Zacapa","ZA","1090"
"Budapest","BU","1099"
"Bács-Kiskun","BK","1099"
"Baranya","BA","1099"
"Békés","BE","1099"
"Borsod-Abaúj-Zemplén","BZ","1099"
"Csongrád","CS","1099"
"Fejér","FE","1099"
"Győr-Moson-Sopron","GS","1099"
"Hajdu-Bihar","HB","1099"
"Heves","HE","1099"
"Jász-Nagykun-Szolnok","JN","1099"
"Komárom-Esztergom","KE","1099"
"Nográd","NO","1099"
"Pest","PE","1099"
"Somogy","SO","1099"
"Szabolcs-Szatmár-Bereg","SZ","1099"
"Tolna","TO","1099"
"Vas","VA","1099"
"Veszprém","VE","1099"
"Zala","ZA","1099"
"Békéscsaba","BC","1099"
"Debrecen","DE","1099"
"Dunaújváros","DU","1099"
"Eger","EG","1099"
"Győr","GY","1099"
"Hódmezővásárhely","HV","1099"
"Kaposvár","KV","1099"
"Kecskemét","KM","1099"
"Miskolc","MI","1099"
"Nagykanizsa","NK","1099"
"Nyiregyháza","NY","1099"
"Pécs","PS","1099"
"Salgótarján","ST","1099"
"Sopron","SN","1099"
"Szeged","SD","1099"
"Székesfehérvár","SF","1099"
"Szekszárd","SS","1099"
"Szolnok","SK","1099"
"Szombathely","SH","1099"
"Tatabánya","TB","1099"
"Zalaegerszeg","ZE","1099"
"Bali","BA","1102"
"Bangka Belitung","BB","1102"
"Banten","BT","1102"
"Bengkulu","BE","1102"
"Gorontalo","GO","1102"
"Irian Jaya","IJ","1102"
"Jambi","JA","1102"
"Jawa Barat","JB","1102"
"Jawa Tengah","JT","1102"
"Jawa Timur","JI","1102"
"Kalimantan Barat","KB","1102"
"Kalimantan Timur","KT","1102"
"Kalimantan Selatan","KS","1102"
"Kepulauan Riau","KR","1102"
"Lampung","LA","1102"
"Maluku","MA","1102"
"Maluku Utara","MU","1102"
"Nusa Tenggara Barat","NB","1102"
"Nusa Tenggara Timur","NT","1102"
"Papua","PA","1102"
"Riau","RI","1102"
"Sulawesi Selatan","SN","1102"
"Sulawesi Tengah","ST","1102"
"Sulawesi Tenggara","SG","1102"
"Sulawesi Utara","SA","1102"
"Sumatra Barat","SB","1102"
"Sumatra Selatan","SS","1102"
"Sumatera Utara","SU","1102"
"Jakarta Raya","JK","1102"
"Aceh","AC","1102"
"Yogyakarta","YO","1102"
"Cork","C","1105"
"Clare","CE","1105"
"Cavan","CN","1105"
"Carlow","CW","1105"
"Dublin","D","1105"
"Donegal","DL","1105"
"Galway","G","1105"
"Kildare","KE","1105"
"Kilkenny","KK","1105"
"Kerry","KY","1105"
"Longford","LD","1105"
"Louth","LH","1105"
"Limerick","LK","1105"
"Leitrim","LM","1105"
"Laois","LS","1105"
"Meath","MH","1105"
"Monaghan","MN","1105"
"Mayo","MO","1105"
"Offaly","OY","1105"
"Roscommon","RN","1105"
"Sligo","SO","1105"
"Tipperary","TA","1105"
"Waterford","WD","1105"
"Westmeath","WH","1105"
"Wicklow","WW","1105"
"Wexford","WX","1105"
"HaDarom","D","1106"
"HaMerkaz","M","1106"
"HaZafon","Z","1106"
"Haifa","HA","1106"
"Tel-Aviv","TA","1106"
"Jerusalem","JM","1106"
"Al Anbar","AN","1104"
"Al Ba,rah","BA","1104"
"Al Muthanna","MU","1104"
"Al Qadisiyah","QA","1104"
"An Najef","NA","1104"
"Arbil","AR","1104"
"As Sulaymaniyah","SW","1104"
"At Ta'mim","TS","1104"
"Babil","BB","1104"
"Baghdad","BG","1104"
"Dahuk","DA","1104"
"Dhi Qar","DQ","1104"
"Diyala","DI","1104"
"Karbala'","KA","1104"
"Maysan","MA","1104"
"Ninawa","NI","1104"
"Salah ad Din","SD","1104"
"Wasit","WA","1104"
"Ardabil","03","1103"
"Azarbayjan-e Gharbi","02","1103"
"Azarbayjan-e Sharqi","01","1103"
"Bushehr","06","1103"
"Chahar Mahall va Bakhtiari","08","1103"
"Esfahan","04","1103"
"Fars","14","1103"
"Gilan","19","1103"
"Golestan","27","1103"
"Hamadan","24","1103"
"Hormozgan","23","1103"
"Iiam","05","1103"
"Kerman","15","1103"
"Kermanshah","17","1103"
"Khorasan","09","1103"
"Khuzestan","10","1103"
"Kohjiluyeh va Buyer Ahmad","18","1103"
"Kordestan","16","1103"
"Lorestan","20","1103"
"Markazi","22","1103"
"Mazandaran","21","1103"
"Qazvin","28","1103"
"Qom","26","1103"
"Semnan","12","1103"
"Sistan va Baluchestan","13","1103"
"Tehran","07","1103"
"Yazd","25","1103"
"Zanjan","11","1103"
"Austurland","7","1100"
"Hofuoborgarsvaeoi utan Reykjavikur","1","1100"
"Norourland eystra","6","1100"
"Norourland vestra","5","1100"
"Reykjavik","0","1100"
"Suourland","8","1100"
"Suournes","2","1100"
"Vestfirolr","4","1100"
"Vesturland","3","1100"
"Agrigento","AG","1107"
"Alessandria","AL","1107"
"Ancona","AN","1107"
"Aosta","AO","1107"
"Arezzo","AR","1107"
"Ascoli Piceno","AP","1107"
"Asti","AT","1107"
"Avellino","AV","1107"
"Bari","BA","1107"
"Belluno","BL","1107"
"Benevento","BN","1107"
"Bergamo","BG","1107"
"Biella","BI","1107"
"Bologna","BO","1107"
"Bolzano","BZ","1107"
"Brescia","BS","1107"
"Brindisi","BR","1107"
"Cagliari","CA","1107"
"Caltanissetta","CL","1107"
"Campobasso","CB","1107"
"Caserta","CE","1107"
"Catania","CT","1107"
"Catanzaro","CZ","1107"
"Chieti","CH","1107"
"Como","CO","1107"
"Cosenza","CS","1107"
"Cremona","CR","1107"
"Crotone","KR","1107"
"Cuneo","CN","1107"
"Enna","EN","1107"
"Ferrara","FE","1107"
"Firenze","FI","1107"
"Foggia","FG","1107"
"Forlì-Cesena","FC","1107"
"Frosinone","FR","1107"
"Genova","GE","1107"
"Gorizia","GO","1107"
"Grosseto","GR","1107"
"Imperia","IM","1107"
"Isernia","IS","1107"
"L'Aquila","AQ","1107"
"La Spezia","SP","1107"
"Latina","LT","1107"
"Lecce","LE","1107"
"Lecco","LC","1107"
"Livorno","LI","1107"
"Lodi","LO","1107"
"Lucca","LU","1107"
"Macerata","MC","1107"
"Mantova","MN","1107"
"Massa-Carrara","MS","1107"
"Matera","MT","1107"
"Messina","ME","1107"
"Milano","MI","1107"
"Modena","MO","1107"
"Napoli","NA","1107"
"Novara","NO","1107"
"Nuoro","NU","1107"
"Oristano","OR","1107"
"Padova","PD","1107"
"Palermo","PA","1107"
"Parma","PR","1107"
"Pavia","PV","1107"
"Perugia","PG","1107"
"Pesaro e Urbino","PU","1107"
"Pescara","PE","1107"
"Piacenza","PC","1107"
"Pisa","PI","1107"
"Pistoia","PT","1107"
"Pordenone","PN","1107"
"Potenza","PZ","1107"
"Prato","PO","1107"
"Ragusa","RG","1107"
"Ravenna","RA","1107"
"Reggio Calabria","RC","1107"
"Reggio Emilia","RE","1107"
"Rieti","RI","1107"
"Rimini","RN","1107"
"Roma","RM","1107"
"Rovigo","RO","1107"
"Salerno","SA","1107"
"Sassari","SS","1107"
"Savona","SV","1107"
"Siena","SI","1107"
"Siracusa","SR","1107"
"Sondrio","SO","1107"
"Taranto","TA","1107"
"Teramo","TE","1107"
"Terni","TR","1107"
"Torino","TO","1107"
"Trapani","TP","1107"
"Trento","TN","1107"
"Treviso","TV","1107"
"Trieste","TS","1107"
"Udine","UD","1107"
"Varese","VA","1107"
"Venezia","VE","1107"
"Verbano-Cusio-Ossola","VB","1107"
"Vercelli","VC","1107"
"Verona","VR","1107"
"Vibo Valentia","VV","1107"
"Vicenza","VI","1107"
"Viterbo","VT","1107"
"Aichi","23","1109"
"Akita","05","1109"
"Aomori","02","1109"
"Chiba","12","1109"
"Ehime","38","1109"
"Fukui","18","1109"
"Fukuoka","40","1109"
"Fukusima","07","1109"
"Gifu","21","1109"
"Gunma","10","1109"
"Hiroshima","34","1109"
"Hokkaido","01","1109"
"Hyogo","28","1109"
"Ibaraki","08","1109"
"Ishikawa","17","1109"
"Iwate","03","1109"
"Kagawa","37","1109"
"Kagoshima","46","1109"
"Kanagawa","14","1109"
"Kochi","39","1109"
"Kumamoto","43","1109"
"Kyoto","26","1109"
"Mie","24","1109"
"Miyagi","04","1109"
"Miyazaki","45","1109"
"Nagano","20","1109"
"Nagasaki","42","1109"
"Nara","29","1109"
"Niigata","15","1109"
"Oita","44","1109"
"Okayama","33","1109"
"Okinawa","47","1109"
"Osaka","27","1109"
"Saga","41","1109"
"Saitama","11","1109"
"Shiga","25","1109"
"Shimane","32","1109"
"Shizuoka","22","1109"
"Tochigi","09","1109"
"Tokushima","36","1109"
"Tokyo","13","1109"
"Tottori","31","1109"
"Toyama","16","1109"
"Wakayama","30","1109"
"Yamagata","06","1109"
"Yamaguchi","35","1109"
"Yamanashi","19","1109"
"Clarendon","CN","1108"
"Hanover","HR","1108"
"Kingston","KN","1108"
"Portland","PD","1108"
"Saint Andrew","AW","1108"
"Saint Ann","AN","1108"
"Saint Catherine","CE","1108"
"Saint Elizabeth","EH","1108"
"Saint James","JS","1108"
"Saint Mary","MY","1108"
"Saint Thomas","TS","1108"
"Trelawny","TY","1108"
"Westmoreland","WD","1108"
"Kaesong-si","KAE","1114"
"Nampo-si","NAM","1114"
"Pyongyang-ai","PYO","1114"
"Chagang-do","CHA","1114"
"Hamgyongbuk-do","HAB","1114"
"Hamgyongnam-do","HAN","1114"
"Hwanghaebuk-do","HWB","1114"
"Hwanghaenam-do","HWN","1114"
"Kangwon-do","KAN","1114"
"Pyonganbuk-do","PYB","1114"
"Pyongannam-do","PYN","1114"
"Yanggang-do","YAN","1114"
"Najin Sonbong-si","NAJ","1114"
"Seoul Teugbyeolsi","11","1115"
"Busan Gwang'yeogsi","26","1115"
"Daegu Gwang'yeogsi","27","1115"
"Daejeon Gwang'yeogsi","30","1115"
"Gwangju Gwang'yeogsi","29","1115"
"Incheon Gwang'yeogsi","28","1115"
"Ulsan Gwang'yeogsi","31","1115"
"Chungcheongbugdo","43","1115"
"Chungcheongnamdo","44","1115"
"Gang'weondo","42","1115"
"Gyeonggido","41","1115"
"Gyeongsangbugdo","47","1115"
"Gyeongsangnamdo","48","1115"
"Jejudo","49","1115"
"Jeonrabugdo","45","1115"
"Jeonranamdo","46","1115"
"Beirout","BA","1120"
"El Begsa","BI","1120"
"Jabal Loubnane","JL","1120"
"Loubnane ech Chemali","AS","1120"
"Loubnane ej Jnoubi","JA","1120"
"Nabatiye","NA","1120"
"Aguascalientes","AGU","1140"
"Baja California","BCN","1140"
"Baja California Sur","BCS","1140"
"Campeche","CAM","1140"
"Coahuila","COA","1140"
"Colima","COL","1140"
"Chiapas","CHP","1140"
"Chihuahua","CHH","1140"
"Durango","DUR","1140"
"Guanajuato","GUA","1140"
"Guerrero","GRO","1140"
"Hidalgo","HID","1140"
"Jalisco","JAL","1140"
"Mexico","MEX","1140"
"Michoacin","MIC","1140"
"Morelos","MOR","1140"
"Nayarit","NAY","1140"
"Nuevo Leon","NLE","1140"
"Oaxaca","OAX","1140"
"Puebla","PUE","1140"
"Queretaro","QUE","1140"
"Quintana Roo","ROO","1140"
"San Luis Potosi","SLP","1140"
"Sinaloa","SIN","1140"
"Sonora","SON","1140"
"Tabasco","TAB","1140"
"Tamaulipas","TAM","1140"
"Tlaxcala","TLA","1140"
"Veracruz","VER","1140"
"Yucatan","YUC","1140"
"Zacatecas","ZAC","1140"
"Abuja Capital Territory","FC","1157"
"Abia","AB","1157"
"Adamawa","AD","1157"
"Akwa Ibom","AK","1157"
"Anambra","AN","1157"
"Bauchi","BA","1157"
"Bayelsa","BY","1157"
"Benue","BE","1157"
"Borno","BO","1157"
"Cross River","CR","1157"
"Delta","DE","1157"
"Ebonyi","EB","1157"
"Edo","ED","1157"
"Ekiti","EK","1157"
"Enugu","EN","1157"
"Gombe","GO","1157"
"Imo","IM","1157"
"Jigawa","JI","1157"
"Kaduna","KD","1157"
"Kano","KN","1157"
"Katsina","KT","1157"
"Kebbi","KE","1157"
"Kogi","KO","1157"
"Kwara","KW","1157"
"Lagos","LA","1157"
"Nassarawa","NA","1157"
"Niger","NI","1157"
"Ogun","OG","1157"
"Ondo","ON","1157"
"Osun","OS","1157"
"Oyo","OY","1157"
"Rivers","RI","1157"
"Sokoto","SO","1157"
"Taraba","TA","1157"
"Yobe","YO","1157"
"Zamfara","ZA","1157"
"Akershus","02","1161"
"Aust-Agder","09","1161"
"Buskerud","06","1161"
"Finumark","20","1161"
"Hedmark","04","1161"
"Hordaland","12","1161"
"Mire og Romsdal","15","1161"
"Nordland","18","1161"
"Nord-Trindelag","17","1161"
"Oppland","05","1161"
"Oslo","03","1161"
"Rogaland","11","1161"
"Sogn og Fjordane","14","1161"
"Sir-Trindelag","16","1161"
"Telemark","06","1161"
"Troms","19","1161"
"Vest-Agder","10","1161"
"Vestfold","07","1161"
"Ostfold","01","1161"
"Jan Mayen","22","1161"
"Svalbard","21","1161"
"Auckland","AUK","1154"
"Bay of Plenty","BOP","1154"
"Canterbury","CAN","1154"
"Gisborne","GIS","1154"
"Hawkes Bay","HKB","1154"
"Manawatu-Wanganui","MWT","1154"
"Marlborough","MBH","1154"
"Nelson","NSN","1154"
"Northland","NTL","1154"
"Otago","OTA","1154"
"Southland","STL","1154"
"Taranaki","TKI","1154"
"Tasman","TAS","1154"
"waikato","WKO","1154"
"Wellington","WGN","1154"
"West Coast","WTC","1154"
"El Callao","CAL","1169"
"Ancash","ANC","1169"
"Apurimac","APU","1169"
"Arequipa","ARE","1169"
"Ayacucho","AYA","1169"
"Cajamarca","CAJ","1169"
"Cuzco","CUS","1169"
"Huancavelica","HUV","1169"
"Huanuco","HUC","1169"
"Ica","ICA","1169"
"Junin","JUN","1169"
"La Libertad","LAL","1169"
"Lambayeque","LAM","1169"
"Lima","LIM","1169"
"Loreto","LOR","1169"
"Madre de Dios","MDD","1169"
"Moquegua","MOQ","1169"
"Pasco","PAS","1169"
"Piura","PIU","1169"
"Puno","PUN","1169"
"San Martin","SAM","1169"
"Tacna","TAC","1169"
"Tumbes","TUM","1169"
"Ucayali","UCA","1169"
"Adygeya, Respublika","AD","1177"
"Altay, Respublika","AL","1177"
"Bashkortostan, Respublika","BA","1177"
"Buryatiya, Respublika","BU","1177"
"Chechenskaya Respublika","CE","1177"
"Chuvashskaya Respublika","CU","1177"
"Dagestan, Respublika","DA","1177"
"Ingushskaya Respublika","IN","1177"
"Kabardino-Balkarskaya","KB","1177"
"Kalmykiya, Respublika","KL","1177"
"Karachayevo-Cherkesskaya Respublika","KC","1177"
"Kareliya, Respublika","KR","1177"
"Khakasiya, Respublika","KK","1177"
"Komi, Respublika","KO","1177"
"Mariy El, Respublika","ME","1177"
"Mordoviya, Respublika","MO","1177"
"Sakha, Respublika [Yakutiya]","SA","1177"
"Severnaya Osetiya, Respublika","SE","1177"
"Tatarstan, Respublika","TA","1177"
"Tyva, Respublika [Tuva]","TY","1177"
"Udmurtskaya Respublika","UD","1177"
"Altayskiy kray","ALT","1177"
"Khabarovskiy kray","KHA","1177"
"Krasnodarskiy kray","KDA","1177"
"Krasnoyarskiy kray","KYA","1177"
"Primorskiy kray","PRI","1177"
"Stavropol'skiy kray","STA","1177"
"Amurskaya oblast'","AMU","1177"
"Arkhangel'skaya oblast'","ARK","1177"
"Astrakhanskaya oblast'","AST","1177"
"Belgorodskaya oblast'","BEL","1177"
"Bryanskaya oblast'","BRY","1177"
"Chelyabinskaya oblast'","CHE","1177"
"Chitinskaya oblast'","CHI","1177"
"Irkutskaya oblast'","IRK","1177"
"Ivanovskaya oblast'","IVA","1177"
"Kaliningradskaya oblast'","KGD","1177"
"Kaluzhskaya oblast'","KLU","1177"
"Kamchatskaya oblast'","KAM","1177"
"Kemerovskaya oblast'","KEM","1177"
"Kirovskaya oblast'","KIR","1177"
"Kostromskaya oblast'","KOS","1177"
"Kurganskaya oblast'","KGN","1177"
"Kurskaya oblast'","KRS","1177"
"Leningradskaya oblast'","LEN","1177"
"Lipetskaya oblast'","LIP","1177"
"Magadanskaya oblast'","MAG","1177"
"Moskovskaya oblast'","MOS","1177"
"Murmanskaya oblast'","MUR","1177"
"Nizhegorodskaya oblast'","NIZ","1177"
"Novgorodskaya oblast'","NGR","1177"
"Novosibirskaya oblast'","NVS","1177"
"Omskaya oblast'","OMS","1177"
"Orenburgskaya oblast'","ORE","1177"
"Orlovskaya oblast'","ORL","1177"
"Penzenskaya oblast'","PNZ","1177"
"Permskaya oblast'","PER","1177"
"Pskovskaya oblast'","PSK","1177"
"Rostovskaya oblast'","ROS","1177"
"Ryazanskaya oblast'","RYA","1177"
"Sakhalinskaya oblast'","SAK","1177"
"Samarskaya oblast'","SAM","1177"
"Saratovskaya oblast'","SAR","1177"
"Smolenskaya oblast'","SMO","1177"
"Sverdlovskaya oblast'","SVE","1177"
"Tambovskaya oblast'","TAM","1177"
"Tomskaya oblast'","TOM","1177"
"Tul'skaya oblast'","TUL","1177"
"Tverskaya oblast'","TVE","1177"
"Tyumenskaya oblast'","TYU","1177"
"Ul'yanovskaya oblast'","ULY","1177"
"Vladimirskaya oblast'","VLA","1177"
"Volgogradskaya oblast'","VGG","1177"
"Vologodskaya oblast'","VLG","1177"
"Voronezhskaya oblast'","VOR","1177"
"Yaroslavskaya oblast'","YAR","1177"
"Moskva","MOW","1177"
"Sankt-Peterburg","SPE","1177"
"Yevreyskaya avtonomnaya oblast'","YEV","1177"
"Aginskiy Buryatskiy avtonomnyy","AGB","1177"
"Chukotskiy avtonomnyy okrug","CHU","1177"
"Evenkiyskiy avtonomnyy okrug","EVE","1177"
"Khanty-Mansiyskiy avtonomnyy okrug","KHM","1177"
"Komi-Permyatskiy avtonomnyy okrug","KOP","1177"
"Koryakskiy avtonomnyy okrug","KOR","1177"
"Nenetskiy avtonomnyy okrug","NEN","1177"
"Taymyrskiy (Dolgano-Nenetskiy)","TAY","1177"
"Ust'-Ordynskiy Buryatskiy","UOB","1177"
"Yamalo-Nenetskiy avtonomnyy okrug","YAN","1177"
"Blekinge lan","K","1204"
"Dalarnas lan","W","1204"
"Gotlands lan","I","1204"
"Gavleborge lan","X","1204"
"Hallands lan","N","1204"
"Jamtlande lan","Z","1204"
"Jonkopings lan","F","1204"
"Kalmar lan","H","1204"
"Kronoberge lan","G","1204"
"Norrbottena lan","BD","1204"
"Skane lan","M","1204"
"Stockholms lan","AB","1204"
"Sodermanlands lan","D","1204"
"Uppsala lan","C","1204"
"Varmlanda lan","S","1204"
"Vasterbottens lan","AC","1204"
"Vasternorrlands lan","Y","1204"
"Vastmanlanda lan","U","1204"
"Vastra Gotalands lan","Q","1204"
"Orebro lan","T","1204"
"Ostergotlands lan","E","1204"
"Krung Thep Maha Nakhon Bangkok","10","1211"
"Phatthaya","S","1211"
"Amnat Charoen","37","1211"
"Ang Thong","15","1211"
"Buri Ram","31","1211"
"Chachoengsao","24","1211"
"Chai Nat","18","1211"
"Chaiyaphum","36","1211"
"Chanthaburi","22","1211"
"Chiang Mai","50","1211"
"Chiang Rai","57","1211"
"Chon Buri","20","1211"
"Chumphon","86","1211"
"Kalasin","46","1211"
"Kamphasng Phet","62","1211"
"Kanchanaburi","71","1211"
"Khon Kaen","40","1211"
"Krabi","81","1211"
"Lampang","52","1211"
"Lamphun","51","1211"
"Loei","42","1211"
"Lop Buri","16","1211"
"Mae Hong Son","58","1211"
"Maha Sarakham","44","1211"
"Mukdahan","49","1211"
"Nakhon Nayok","26","1211"
"Nakhon Pathom","73","1211"
"Nakhon Phanom","48","1211"
"Nakhon Ratchasima","30","1211"
"Nakhon Sawan","60","1211"
"Nakhon Si Thammarat","80","1211"
"Nan","55","1211"
"Narathiwat","96","1211"
"Nong Bua Lam Phu","39","1211"
"Nong Khai","43","1211"
"Nonthaburi","12","1211"
"Pathum Thani","13","1211"
"Pattani","94","1211"
"Phangnga","82","1211"
"Phatthalung","93","1211"
"Phayao","56","1211"
"Phetchabun","67","1211"
"Phetchaburi","76","1211"
"Phichit","66","1211"
"Phitsanulok","65","1211"
"Phrae","54","1211"
"Phra Nakhon Si Ayutthaya","14","1211"
"Phaket","83","1211"
"Prachin Buri","25","1211"
"Prachuap Khiri Khan","77","1211"
"Ranong","85","1211"
"Ratchaburi","70","1211"
"Rayong","21","1211"
"Roi Et","45","1211"
"Sa Kaeo","27","1211"
"Sakon Nakhon","47","1211"
"Samut Prakan","11","1211"
"Samut Sakhon","74","1211"
"Samut Songkhram","75","1211"
"Saraburi","19","1211"
"Satun","91","1211"
"Sing Buri","17","1211"
"Si Sa Ket","33","1211"
"Songkhla","90","1211"
"Sukhothai","64","1211"
"Suphan Buri","72","1211"
"Surat Thani","84","1211"
"Surin","32","1211"
"Tak","63","1211"
"Trang","92","1211"
"Trat","23","1211"
"Ubon Ratchathani","34","1211"
"Udon Thani","41","1211"
"Uthai Thani","61","1211"
"Uttaradit","53","1211"
"Yala","95","1211"
"Yasothon","35","1211"
"Adana","01","1219"
"Ad yaman","02","1219"
"Afyon","03","1219"
"Ag r","04","1219"
"Aksaray","68","1219"
"Amasya","05","1219"
"Ankara","06","1219"
"Antalya","07","1219"
"Ardahan","75","1219"
"Artvin","08","1219"
"Aydin","09","1219"
"Bal kesir","10","1219"
"Bartin","74","1219"
"Batman","72","1219"
"Bayburt","69","1219"
"Bilecik","11","1219"
"Bingol","12","1219"
"Bitlis","13","1219"
"Bolu","14","1219"
"Burdur","15","1219"
"Bursa","16","1219"
"Canakkale","17","1219"
"Cankir","18","1219"
"Corum","19","1219"
"Denizli","20","1219"
"Diyarbakir","21","1219"
"Duzce","81","1219"
"Edirne","22","1219"
"Elazig","23","1219"
"Erzincan","24","1219"
"Erzurum","25","1219"
"Eskis'ehir","26","1219"
"Gaziantep","27","1219"
"Giresun","28","1219"
"Gms'hane","29","1219"
"Hakkari","30","1219"
"Hatay","31","1219"
"Igidir","76","1219"
"Isparta","32","1219"
"Icel","33","1219"
"Istanbul","34","1219"
"Izmir","35","1219"
"Kahramanmaras","46","1219"
"Karabk","78","1219"
"Karaman","70","1219"
"Kars","36","1219"
"Kastamonu","37","1219"
"Kayseri","38","1219"
"Kirikkale","71","1219"
"Kirklareli","39","1219"
"Kirs'ehir","40","1219"
"Kilis","79","1219"
"Kocaeli","41","1219"
"Konya","42","1219"
"Ktahya","43","1219"
"Malatya","44","1219"
"Manisa","45","1219"
"Mardin","47","1219"
"Mugila","48","1219"
"Mus","49","1219"
"Nevs'ehir","50","1219"
"Nigide","51","1219"
"Ordu","52","1219"
"Osmaniye","80","1219"
"Rize","53","1219"
"Sakarya","54","1219"
"Samsun","55","1219"
"Siirt","56","1219"
"Sinop","57","1219"
"Sivas","58","1219"
"S'anliurfa","63","1219"
"S'rnak","73","1219"
"Tekirdag","59","1219"
"Tokat","60","1219"
"Trabzon","61","1219"
"Tunceli","62","1219"
"Us'ak","64","1219"
"Van","65","1219"
"Yalova","77","1219"
"Yozgat","66","1219"
"Zonguldak","67","1219"
"Changhua","CHA","1208"
"Chiayi","CYQ","1208"
"Hsinchu","HSQ","1208"
"Hualien","HUA","1208"
"Ilan","ILA","1208"
"Kaohsiung","KHQ","1208"
"Miaoli","MIA","1208"
"Nantou","NAN","1208"
"Penghu","PEN","1208"
"Pingtung","PIF","1208"
"Taichung","TXQ","1208"
"Tainan","TNQ","1208"
"Taipei","TPQ","1208"
"Taitung","TTT","1208"
"Taoyuan","TAO","1208"
"Yunlin","YUN","1208"
"Keelung","KEE","1208"
"An Giang","44","1233"
"Ba Ria - Vung Tau","43","1233"
"Bac Can","53","1233"
"Bac Giang","54","1233"
"Bac Lieu","55","1233"
"Bac Ninh","56","1233"
"Ben Tre","50","1233"
"Binh Dinh","31","1233"
"Binh Duong","57","1233"
"Binh Phuoc","58","1233"
"Binh Thuan","40","1233"
"Ca Mau","59","1233"
"Can Tho","48","1233"
"Cao Bang","04","1233"
"Da Nang, thanh pho","60","1233"
"Dong Nai","39","1233"
"Dong Thap","45","1233"
"Gia Lai","30","1233"
"Ha Giang","03","1233"
"Ha Nam","63","1233"
"Ha Noi, thu do","64","1233"
"Ha Tay","15","1233"
"Ha Tinh","23","1233"
"Hai Duong","61","1233"
"Hai Phong, thanh pho","62","1233"
"Hoa Binh","14","1233"
"Ho Chi Minh, thanh pho [Sai Gon]","65","1233"
"Hung Yen","66","1233"
"Khanh Hoa","34","1233"
"Kien Giang","47","1233"
"Kon Tum","28","1233"
"Lai Chau","01","1233"
"Lam Dong","35","1233"
"Lang Son","09","1233"
"Lao Cai","02","1233"
"Long An","41","1233"
"Nam Dinh","67","1233"
"Nghe An","22","1233"
"Ninh Binh","18","1233"
"Ninh Thuan","36","1233"
"Phu Tho","68","1233"
"Phu Yen","32","1233"
"Quang Binh","24","1233"
"Quang Nam","27","1233"
"Quang Ngai","29","1233"
"Quang Ninh","13","1233"
"Quang Tri","25","1233"
"Soc Trang","52","1233"
"Son La","05","1233"
"Tay Ninh","37","1233"
"Thai Binh","20","1233"
"Thai Nguyen","69","1233"
"Thanh Hoa","21","1233"
"Thua Thien-Hue","26","1233"
"Tien Giang","46","1233"
"Tra Vinh","51","1233"
"Tuyen Quang","07","1233"
"Vinh Long","49","1233"
"Vinh Phuc","70","1233"
"Yen Bai","06","1233"
"Eastern Cape","EC","1196"
"Free State","FS","1196"
"Gauteng","GT","1196"
"Kwazulu-Natal","NL","1196"
"Mpumalanga","MP","1196"
"Northern Cape","NC","1196"
"Limpopo","NP","1196"
"Western Cape","WC","1196"
"Bulawayo","BU","1240"
"Harare","HA","1240"
"Manicaland","MA","1240"
"Mashonaland Central","MC","1240"
"Mashonaland East","ME","1240"
"Mashonaland West","MW","1240"
"Masvingo","MV","1240"
"Matabeleland North","MN","1240"
"Matabeleland South","MS","1240"
"Midlands","MI","1240"
"South Karelia","SK","1075"
"South Ostrobothnia","SO","1075"
"Etelä-Savo","ES","1075"
"Häme","HH","1075"
"Itä-Uusimaa","IU","1075"
"Kainuu","KA","1075"
"Central Ostrobothnia","CO","1075"
"Central Finland","CF","1075"
"Kymenlaakso","KY","1075"
"Lapland","LA","1075"
"Tampere Region","TR","1075"
"Ostrobothnia","OB","1075"
"North Karelia","NK","1075"
"Nothern Ostrobothnia","NO","1075"
"Northern Savo","NS","1075"
"Päijät-Häme","PH","1075"
"Satakunta","SK","1075"
"Uusimaa","UM","1075"
"South-West Finland","SW","1075"
"Åland","AL","1075"
"Manchester","MR","1108"
"Brussels","BRU","1020"
"Distrito Federal","DIF","1140"
"North West","NW","1196"
"Tyne and Wear","TWR","1226"
"Greater Manchester","GTM","1226"
"Co Tyrone","TYR","1226"
"West Yorkshire","WYK","1226"
"South Yorkshire","SYK","1226"
"Merseyside","MSY","1226"
"Berkshire","BRK","1226"
"West Midlands","WMD","1226"
"West Glamorgan","WGM","1226"
"Greater London","LON","1226"
"Carbonia-Iglesias","CI","1107"
"Olbia-Tempio","OT","1107"
"Medio Campidano","VS","1107"
"Ogliastra","OG","1107"
"Jura","39","1076"
"Barletta-Andria-Trani","Bar","1107"
"Fermo","Fer","1107"
"Monza e Brianza","Mon","1107"
"Clwyd","CWD","1226"
"Dyfed","DFD","1226"
"South Glamorgan","SGM","1226"
